{"accuracy": [0.28173333406448364, 0.5185166597366333, 0.6186833381652832, 0.6785833239555359, 0.7181666493415833, 0.7444166541099548, 0.7659000158309937, 0.7813666462898254, 0.7937833070755005, 0.8060500025749207], "loss": [2.2058892250061035, 1.916290521621704, 1.5086896419525146, 1.172184944152832, 0.9654815196990967, 0.8449093699455261, 0.7638998627662659, 0.7085922956466675, 0.6677981019020081, 0.632053792476654]}