{"accuracy": [0.940750002861023, 0.9741500020027161, 0.9802666902542114, 0.9836666584014893, 0.9854666590690613, 0.9874500036239624, 0.9886500239372253, 0.9900833368301392, 0.9903666377067566, 0.9917666912078857], "loss": [0.19683048129081726, 0.08679661154747009, 0.0642208606004715, 0.053821176290512085, 0.047165095806121826, 0.04021093249320984, 0.037097569555044174, 0.031023602932691574, 0.030693931505084038, 0.025521304458379745]}